ID,abort,church,gay,imm,tax,temp
0,0,0,0,1,0,0
1,1,1,0,0,0,1
2,0,0,0,0,0,0
3,1,0,1,1,1,1
4,1,0,0,1,1,1
5,0,1,1,0,0,0
6,1,1,1,1,1,1
8,0,0,0,0,0,0
9,0,0,1,1,1,1
11,1,1,1,0,0,0
12,0,0,0,1,1,1
14,1,1,1,1,1,1
15,1,0,1,1,1,0
16,0,1,0,0,0,0
17,1,0,1,1,1,1
18,0,0,1,0,1,1
19,1,1,1,1,1,1
20,0,0,0,1,0,0
22,0,0,0,0,0,0
23,0,0,1,1,1,1
25,1,1,1,0,0,0
27,1,1,1,1,1,1
28,0,1,1,0,0,0
29,1,0,1,1,1,1
30,0,0,0,1,0,1
31,0,0,0,0,1,0
32,0,0,0,1,1,1
33,0,0,1,1,1,0
34,1,1,1,1,1,1
40,1,0,1,1,1,1
41,0,0,1,0,0,0
42,1,0,0,1,1,1
44,0,1,1,0,1,0
45,0,1,0,1,1,0
46,0,0,1,1,1,0
47,0,1,1,1,0,0
48,1,0,1,1,0,1
52,1,1,1,1,1,1
53,1,0,1,1,1,1
54,0,0,0,0,0,0
55,1,1,0,1,1,1
56,1,0,1,1,1,1
57,0,0,0,1,0,0
58,0,0,1,1,0,0
60,0,0,1,1,1,0
61,1,1,1,1,1,1
62,1,1,1,1,1,1
63,0,0,1,0,0,1
64,1,1,1,1,1,1
65,1,1,1,1,1,1
67,0,0,0,1,0,0
68,1,0,0,1,1,1
69,0,1,1,1,1,0
70,1,0,1,1,1,1
71,0,0,0,1,1,1
72,0,0,1,1,1,0
73,0,1,0,1,0,0
74,1,0,1,1,1,0
75,0,1,0,1,0,0
76,1,1,1,1,1,1
82,1,1,1,1,1,1
83,1,1,1,0,1,0
84,0,0,0,1,0,1
86,1,1,1,1,0,1
87,0,0,0,1,1,1
88,1,1,1,1,1,1
90,1,1,1,1,0,1
92,1,1,1,0,0,1
93,1,1,1,1,1,1
94,1,0,1,1,1,0
95,1,1,0,1,1,1
96,0,1,1,1,1,0
97,1,1,0,1,0,0
98,0,0,0,1,0,0
99,1,1,1,1,1,1
100,1,1,1,1,1,1
101,1,0,0,1,0,0
102,0,0,1,1,0,1
103,0,0,0,1,0,0
104,0,0,0,1,1,1
109,1,1,1,1,1,0
110,0,0,0,1,1,1
112,1,1,0,0,1,1
114,1,1,1,0,1,1
115,0,0,0,0,0,0
116,1,1,1,1,1,1
117,0,0,0,0,1,1
118,0,1,1,1,0,0
119,0,0,1,1,0,0
120,1,1,1,1,1,1
121,0,0,0,1,0,0
122,0,0,0,1,0,0
123,1,0,0,1,0,0
124,1,1,1,1,1,1
125,1,1,1,1,1,1
126,1,0,1,1,1,0
127,1,1,1,1,1,1
128,0,0,0,1,1,0
129,0,0,1,1,0,0
130,0,1,1,1,1,1
131,0,0,0,0,0,0
132,1,1,1,1,1,1
133,0,1,0,1,0,0
134,1,1,1,1,1,1
136,0,0,0,0,0,0
137,0,0,0,1,0,0
138,1,1,1,1,1,1
141,0,0,0,0,0,0
142,0,0,1,1,0,1
144,1,1,1,1,1,1
145,0,1,0,1,0,0
146,1,1,1,1,1,1
148,0,0,0,1,1,0
150,1,1,1,1,1,1
151,1,0,1,1,1,1
152,0,0,0,1,0,0
153,1,1,1,1,1,1
154,1,0,0,1,1,1
156,1,0,1,0,0,0
157,0,0,1,1,1,1
158,1,0,1,1,1,0
159,0,0,0,0,0,0
160,0,0,0,1,1,0
161,0,1,0,0,1,0
163,1,1,1,1,1,1
164,0,1,0,0,0,0
165,1,1,1,1,1,1
166,1,0,1,1,0,0
170,1,0,0,1,1,1
171,1,1,1,1,1,1
174,1,1,1,1,1,1
176,0,0,0,0,1,0
177,1,0,1,1,1,1
178,0,0,1,1,0,0
179,0,0,0,1,0,0
181,0,1,1,1,1,1
182,0,0,0,1,0,0
183,0,1,1,1,1,1
184,1,0,1,1,0,1
185,0,1,1,0,1,0
186,0,0,0,1,1,1
187,1,0,1,1,1,1
188,1,1,1,1,0,0
190,0,1,1,1,1,1
191,0,1,0,0,0,0
192,0,0,1,1,0,1
193,1,1,0,1,1,1
194,0,0,1,1,1,1
195,0,1,1,1,1,1
196,1,0,1,0,1,1
197,0,1,1,1,0,0
198,1,0,1,1,1,1
200,0,1,0,1,0,0
201,0,1,0,0,0,0
202,1,0,1,1,1,1
203,1,1,1,1,1,1
205,1,0,0,0,0,0
206,1,0,1,1,1,1
208,1,1,1,0,1,1
210,0,0,0,0,1,1
212,0,1,1,1,0,0
213,0,0,1,0,1,1
214,0,0,0,1,1,0
215,1,1,1,1,1,1
217,0,0,1,1,1,1
218,0,0,0,1,0,1
219,0,0,0,1,0,0
220,0,0,1,1,1,1
221,0,0,0,1,0,1
222,1,1,0,0,1,1
223,1,1,1,0,1,1
224,0,1,0,1,1,0
225,1,1,1,1,1,0
226,1,0,1,1,1,1
228,0,0,1,1,0,0
229,0,1,1,0,0,0
230,1,1,1,0,1,1
231,0,1,1,1,1,1
232,1,1,1,1,1,1
233,0,0,0,0,0,0
234,0,0,0,1,1,1
235,1,1,1,1,1,1
236,1,0,0,1,1,1
239,0,1,0,1,0,0
240,0,1,1,0,1,1
241,1,0,0,1,1,1
242,1,0,1,1,1,1
243,0,0,1,1,0,1
244,1,0,0,0,1,0
245,1,1,1,1,1,1
246,1,0,1,1,1,1
247,0,0,1,0,0,0
248,0,0,0,0,0,1
250,0,0,0,0,0,0
251,0,0,0,0,0,0
252,0,0,0,1,0,0
253,1,1,1,1,1,1
255,0,0,1,1,1,0
256,1,0,1,1,1,0
258,1,1,1,1,1,1
259,0,1,1,0,0,0
260,1,1,1,1,1,1
261,0,1,1,1,1,0
262,1,1,1,0,1,1
264,1,1,1,1,1,0
265,1,0,1,0,1,0
267,1,1,1,1,1,1
268,0,1,1,1,1,0
269,0,0,1,1,1,1
271,0,0,1,1,0,0
272,1,1,1,1,1,1
273,1,1,1,1,0,0
274,1,0,1,1,0,0
276,1,1,1,1,1,1
278,1,1,1,1,0,1
279,0,0,0,0,0,0
280,1,1,1,1,1,1
281,0,1,1,0,0,0
282,1,1,1,0,1,1
283,1,1,1,1,1,0
284,1,1,1,0,0,1
285,0,1,0,1,1,1
287,0,0,1,0,0,0
288,1,1,0,1,1,1
289,0,0,1,1,1,0
291,1,0,1,1,1,0
292,0,0,0,1,0,0
293,1,0,1,1,1,1
295,0,0,0,1,0,0
296,1,1,1,1,1,1
297,0,1,1,1,1,1
298,0,1,1,1,0,0
300,0,0,0,1,1,1
302,0,0,0,1,1,0
303,0,0,0,1,0,0
305,0,0,0,0,0,0
306,0,0,0,0,0,0
307,0,1,1,0,1,1
308,1,1,1,1,1,1
309,0,0,0,1,0,0
310,0,0,0,0,1,0
311,0,1,1,1,0,1
312,1,0,1,1,1,1
314,0,0,0,0,0,0
315,1,0,1,1,1,1
318,0,0,0,0,0,0
319,1,0,0,0,0,0
320,0,0,1,1,0,1
321,0,1,1,0,1,0
322,0,0,0,1,1,1
323,1,0,1,1,1,1
325,1,0,1,1,1,1
327,1,1,1,1,1,1
328,0,0,0,0,0,0
329,0,1,0,1,0,0
330,0,0,0,1,1,1
331,0,0,0,0,0,0
332,1,1,0,1,1,1
334,0,1,0,1,1,0
337,1,1,0,1,1,0
338,1,1,1,1,1,1
339,1,1,1,1,1,0
340,0,0,0,1,1,1
341,1,0,1,0,0,1
342,1,1,1,0,1,1
343,0,0,1,0,0,0
344,0,0,0,0,0,1
345,0,1,0,1,0,0
346,1,1,1,1,1,1
347,0,0,0,1,0,0
348,1,1,1,1,1,1
349,1,1,1,1,1,1
350,1,0,1,1,1,1
351,1,1,1,1,1,1
352,1,0,1,1,1,1
353,1,1,1,1,1,1
357,0,1,1,1,0,0
358,0,0,0,1,0,0
359,1,1,1,0,0,1
360,1,0,1,1,1,1
362,1,1,1,1,1,1
363,0,0,0,0,0,0
364,0,1,0,0,0,0
365,1,1,1,1,1,1
367,1,1,1,1,1,1
368,0,0,0,1,1,1
369,0,0,0,1,1,1
370,0,1,1,0,0,1
372,1,1,1,1,1,0
374,1,1,1,1,1,0
376,1,1,1,1,0,0
377,1,0,0,1,1,1
378,1,1,0,1,1,1
379,0,0,0,1,0,0
380,0,0,1,1,1,1
381,1,1,1,1,0,0
382,1,1,1,1,1,1
383,1,0,1,0,0,0
384,1,1,1,1,1,1
385,1,1,1,1,1,1
386,1,1,1,1,0,0
387,0,1,1,0,0,1
389,1,1,0,1,0,1
390,1,0,1,1,1,1
391,0,1,1,1,1,1
392,1,1,0,0,0,0
394,1,1,1,1,0,1
396,1,1,1,1,1,0
397,0,0,1,0,1,0
398,1,0,0,1,1,1
399,0,1,0,0,0,0
400,1,1,0,1,0,1
401,0,1,1,0,0,0
402,1,1,1,1,1,1
403,1,1,1,1,1,0
404,0,0,0,1,1,1
406,1,0,1,1,1,1
409,0,1,1,1,1,0
410,1,1,1,1,1,1
411,1,0,1,1,1,1
412,1,0,0,1,1,1
413,0,0,0,0,1,0
414,0,1,1,1,0,1
415,1,0,1,0,0,0
419,1,1,1,0,1,1
420,1,1,1,1,1,1
421,1,1,1,1,0,1
422,1,1,1,0,0,0
423,0,0,1,1,0,1
424,1,0,1,1,1,1
425,0,0,1,0,0,0
426,0,0,0,0,0,0
427,0,0,1,1,1,1
428,1,0,1,1,1,1
429,1,0,1,1,1,0
430,1,0,1,0,1,1
431,0,0,1,0,1,1
432,1,0,1,1,1,1
433,0,1,1,1,1,1
435,1,1,1,1,1,1
436,0,1,1,1,1,1
437,0,1,1,0,1,0
438,0,0,0,1,1,1
439,0,1,0,0,1,1
440,1,0,1,1,1,1
442,1,0,1,0,1,0
443,0,0,0,1,1,0
444,1,0,1,1,1,1
445,0,0,0,0,1,0
446,1,1,1,1,1,1
447,0,0,1,0,1,1
448,1,1,1,1,1,1
450,0,0,1,0,1,0
451,0,0,0,1,0,0
452,1,0,1,1,1,1
453,1,0,1,1,1,1
455,1,0,1,1,1,1
458,0,0,0,0,0,1
459,0,1,1,1,1,1
460,1,1,1,1,1,1
461,1,0,1,1,1,1
463,1,1,1,1,1,0
464,1,1,1,1,1,1
465,1,1,1,0,0,1
466,1,1,1,1,1,1
467,0,1,1,1,0,0
468,1,1,1,1,1,1
469,1,1,1,0,0,0
470,1,1,1,1,1,1
471,0,0,1,1,0,0
472,1,1,1,0,0,0
473,0,0,0,0,1,0
474,1,1,1,1,1,1
475,0,1,0,1,1,0
476,0,0,0,0,1,1
477,1,1,1,1,1,0
478,0,0,0,1,0,0
479,0,0,0,1,1,0
480,0,0,0,1,1,1
481,0,0,1,1,1,1
483,0,1,0,0,1,0
484,0,1,1,1,1,1
485,1,0,0,1,0,0
487,1,1,1,1,1,1
488,0,1,1,0,0,0
489,1,1,1,1,0,1
490,0,0,1,1,0,1
493,1,0,1,0,1,0
494,1,1,1,1,1,1
495,1,0,1,1,1,1
496,0,0,0,1,1,0
497,1,0,1,1,1,1
498,0,0,0,1,1,1
501,1,1,1,1,1,1
502,0,0,0,1,1,0
504,1,1,1,1,1,1
506,0,0,1,1,1,1
507,0,0,0,1,0,0
508,1,1,1,1,1,1
509,1,1,0,1,1,1
512,0,0,0,0,0,0
513,0,1,0,1,1,1
514,1,1,1,1,1,1
516,0,1,0,0,0,0
519,1,0,1,0,1,1
520,0,0,0,0,0,0
521,1,1,1,1,1,1
522,0,1,0,0,1,0
523,0,1,0,1,0,0
524,0,0,0,0,0,0
525,1,1,1,1,1,1
526,0,0,0,1,1,0
527,1,1,1,1,1,1
528,1,1,1,1,1,1
529,1,0,1,1,1,1
531,1,1,1,1,1,1
532,1,0,1,1,1,1
534,0,1,0,0,0,0
535,0,0,1,0,0,1
536,0,1,1,1,1,1
537,1,0,1,1,1,1
540,1,1,1,1,1,1
541,1,1,1,1,1,0
543,0,1,0,1,1,1
544,1,0,1,1,0,1
545,1,1,1,1,1,1
546,0,0,1,0,1,1
548,1,1,1,1,1,1
550,0,0,0,1,0,0
552,1,0,1,1,0,1
554,1,0,1,1,0,1
555,1,1,1,1,1,1
559,1,1,1,1,1,0
560,1,1,1,1,1,0
561,1,0,1,1,1,1
562,1,1,1,1,1,1
563,0,1,1,1,1,1
564,1,1,1,1,1,1
565,0,0,1,1,1,1
566,0,0,1,0,0,0
567,0,1,1,1,1,1
568,1,0,1,0,0,0
569,1,1,1,1,1,1
571,1,0,0,1,0,1
572,1,0,1,1,0,0
573,0,1,0,1,1,1
574,0,1,1,0,0,0
575,1,1,1,1,1,1
576,0,1,1,0,0,0
577,1,1,1,1,1,1
578,0,0,1,0,1,1
579,1,0,1,1,1,1
581,1,1,1,0,0,0
582,0,0,1,1,0,0
583,1,1,1,1,1,1
584,0,0,0,0,0,0
585,0,0,1,0,1,0
586,0,0,1,1,1,1
587,0,1,0,0,1,0
588,0,1,0,1,0,0
589,0,0,1,0,0,0
590,1,1,1,1,1,1
591,1,1,1,1,1,1
592,1,1,1,1,1,1
593,0,0,0,1,1,0
595,1,1,1,1,1,1
596,1,1,1,0,0,0
597,0,0,0,0,0,0
598,0,0,1,0,1,1
599,0,0,1,1,1,1
600,1,1,1,1,0,1
601,1,1,1,1,1,0
602,1,1,1,1,1,1
603,1,1,1,1,1,1
604,0,1,0,0,1,0
605,0,1,0,1,1,0
606,1,1,1,1,0,1
607,0,0,0,1,0,0
608,1,0,1,1,1,1
609,1,0,1,1,1,1
610,0,1,0,1,1,0
612,0,0,1,1,1,1
613,0,0,0,1,0,0
614,1,1,1,1,1,1
615,1,1,0,0,1,0
616,1,1,1,1,1,1
617,0,0,0,0,0,0
618,0,0,0,1,1,0
619,1,1,1,1,1,0
620,1,1,1,1,1,1
621,0,0,0,0,1,0
622,0,0,1,1,0,0
623,1,0,1,1,1,1
624,1,0,1,1,1,1
627,1,1,1,1,1,1
628,1,1,0,1,0,0
629,0,0,0,0,0,0
630,1,1,1,1,1,1
631,1,1,1,1,1,1
632,1,1,1,1,1,1
633,0,0,0,1,0,0
635,1,0,1,1,1,0
636,0,0,1,0,0,0
637,1,0,1,1,1,1
639,1,1,1,1,1,1
642,0,0,0,0,1,1
643,1,1,1,1,1,1
645,1,1,1,0,0,0
646,0,0,0,0,1,0
647,0,0,1,0,1,1
648,1,0,1,1,1,1
649,0,0,0,0,0,0
650,0,0,1,1,1,0
651,0,0,0,1,1,1
652,1,0,1,1,1,1
653,0,0,1,0,0,0
654,1,0,0,1,1,1
656,0,0,0,1,1,0
657,0,1,1,1,0,0
658,1,0,0,1,1,0
659,1,1,1,1,1,1
660,0,1,0,0,1,0
663,1,0,1,1,1,1
664,0,0,0,0,0,0
666,0,0,1,1,0,0
667,0,1,1,1,1,1
668,0,0,1,1,1,1
669,1,1,1,1,1,1
670,0,0,0,1,1,0
671,0,1,0,1,0,0
672,0,0,1,0,0,1
673,0,1,1,1,0,0
674,1,0,0,1,0,1
675,1,1,1,1,1,1
676,1,1,1,1,1,1
677,0,0,1,1,0,1
678,1,0,0,1,0,1
679,0,0,0,0,0,0
680,1,1,1,1,1,0
681,1,0,1,1,1,0
684,0,0,1,1,1,1
685,0,1,0,0,0,0
686,0,0,1,1,0,0
687,0,0,1,0,0,0
688,0,1,1,1,0,1
689,1,1,1,1,1,1
691,1,1,1,1,1,1
692,1,0,1,1,0,0
694,1,1,1,1,1,1
695,0,1,1,1,1,1
697,0,0,0,1,1,1
698,0,0,0,1,0,0
699,0,0,0,0,0,1
700,1,1,1,1,1,1
701,1,1,1,1,1,1
702,1,1,1,1,1,1
703,1,1,1,0,1,1
704,1,0,1,1,1,1
705,1,1,1,1,0,0
706,0,0,1,1,1,1
707,1,1,1,1,1,1
709,1,1,1,1,1,1
711,0,1,0,1,0,0
712,0,0,0,0,0,0
713,0,1,0,1,1,0
714,1,1,1,0,1,1
715,0,1,0,0,0,0
716,0,0,0,0,0,0
717,1,1,1,0,1,1
718,1,1,1,1,1,1
719,0,0,0,1,1,0
720,1,0,0,0,1,1
721,0,0,0,0,0,0
723,0,0,1,1,0,0
724,0,0,0,1,1,1
725,0,0,0,0,1,0
726,0,0,0,1,0,0
727,0,0,0,1,1,0
728,0,0,0,1,1,0
729,1,0,1,1,0,0
731,0,1,1,0,1,0
733,0,0,1,1,1,0
734,1,0,0,1,1,1
735,0,1,1,1,1,1
736,1,0,1,1,1,1
739,1,1,1,0,1,1
740,1,0,0,1,1,1
741,1,1,1,1,1,1
743,1,1,1,1,1,1
744,0,0,0,1,0,0
745,1,1,1,0,1,1
746,1,0,1,1,0,0
747,1,0,1,1,1,1
748,0,0,1,1,0,0
749,0,1,1,1,0,0
751,1,1,1,1,1,0
752,1,1,1,1,1,1
753,0,0,1,0,0,0
754,0,0,0,1,0,0
756,0,1,1,0,0,0
757,0,1,0,1,1,0
758,0,1,1,1,1,0
759,0,0,0,0,0,0
760,0,1,0,1,0,1
761,1,0,1,0,1,1
762,0,1,1,1,1,0
763,1,0,1,1,1,0
764,1,1,1,1,1,1
765,0,1,0,0,0,0
766,0,0,0,0,0,0
767,0,0,1,1,0,0
768,0,1,0,1,0,0
769,1,1,1,1,1,0
770,1,1,1,1,1,1
771,1,1,1,1,0,0
772,0,0,1,1,1,0
773,1,1,1,1,1,1
774,1,1,1,0,0,1
775,0,1,1,1,1,1
777,0,0,1,1,1,1
779,1,1,1,0,0,0
780,0,0,0,0,1,1
781,1,1,1,1,1,1
782,1,1,1,0,0,0
783,1,0,1,0,1,1
784,0,1,1,1,0,0
786,0,1,1,0,0,0
787,1,0,1,1,1,1
788,1,0,0,1,0,1
789,0,0,1,0,1,0
790,1,1,1,1,1,1
791,1,1,1,1,1,1
792,0,0,0,1,1,1
793,0,0,0,1,1,1
794,1,0,0,1,1,1
795,0,1,1,0,0,0
797,0,1,1,1,0,1
798,1,0,1,1,1,1
799,1,1,1,1,1,1
800,0,0,1,1,1,0
801,1,1,1,1,1,1
802,1,1,1,1,1,1
803,1,1,0,1,1,1
804,1,1,1,1,1,1
805,0,0,1,1,0,0
806,0,0,1,0,0,0
807,1,1,1,1,1,1
808,0,0,1,0,0,0
809,0,0,0,1,0,0
810,1,0,1,1,1,1
811,0,0,1,1,0,1
812,0,0,1,1,1,1
813,1,1,1,1,1,1
815,1,1,1,0,1,1
816,1,1,1,1,1,1
817,0,1,1,1,1,1
818,0,0,0,1,0,0
819,1,1,1,1,1,1
820,1,1,0,0,1,1
821,1,0,1,1,1,1
822,1,0,1,1,1,1
823,1,1,1,1,1,1
824,1,0,1,1,0,1
826,0,1,1,0,1,0
827,1,1,1,1,1,1
828,0,0,0,0,0,0
829,0,1,0,0,0,0
831,0,0,0,1,0,0
832,0,1,1,0,0,0
833,1,0,1,1,1,1
835,1,1,1,1,1,1
836,1,1,1,1,1,1
837,0,0,0,1,1,1
838,1,0,0,0,1,1
839,1,0,1,1,1,1
840,0,1,0,1,0,0
841,0,1,1,0,1,0
842,1,0,1,1,1,1
843,0,1,0,1,0,0
844,0,1,1,0,1,1
846,1,0,1,0,1,0
847,0,1,1,1,0,0
848,0,0,1,1,1,0
850,0,0,0,1,0,0
851,0,0,1,0,1,1
852,0,1,1,1,1,1
853,1,1,1,0,1,1
854,0,0,0,1,0,1
855,1,1,1,1,1,1
856,0,1,1,1,0,0
857,1,0,1,0,1,1
858,1,1,1,0,0,0
860,0,0,0,0,1,1
861,1,1,1,1,0,1
862,0,0,1,1,1,1
863,0,0,0,0,0,0
864,0,0,0,1,1,1
865,1,0,1,1,1,0
866,1,1,0,1,1,1
867,0,0,0,1,0,1
868,1,1,0,1,0,0
869,0,0,0,1,1,0
870,0,1,0,1,1,1
871,1,1,0,1,1,0
872,1,1,0,1,1,1
873,0,0,0,0,0,0
874,0,0,0,0,0,1
875,1,1,1,1,1,1
876,1,0,0,1,1,1
877,1,1,1,1,1,1
879,1,1,1,1,1,1
881,0,0,1,0,1,1
883,0,0,0,1,0,0
884,0,0,1,1,1,1
885,0,1,0,1,1,1
886,0,0,0,1,0,1
887,0,0,0,1,1,0
889,0,0,0,1,0,0
890,0,1,1,1,0,0
892,1,1,1,0,0,1
893,1,1,1,0,1,1
894,0,1,1,1,1,0
895,1,1,1,1,1,1
896,0,0,1,1,1,1
897,0,0,0,0,0,0
899,0,0,0,1,0,0
900,1,0,1,1,1,1
901,1,1,1,1,1,1
903,0,0,0,1,0,0
904,1,0,1,1,1,1
905,1,1,1,1,1,1
906,0,0,0,1,1,0
907,0,0,1,1,0,1
908,1,1,1,1,1,1
909,1,1,1,1,1,1
910,1,1,1,1,1,1
912,0,0,1,1,1,1
913,0,0,0,0,0,0
914,0,0,0,0,0,0
915,1,1,1,1,1,1
917,0,0,1,1,1,1
918,1,0,1,0,1,1
919,1,1,1,1,1,0
920,1,1,1,1,0,1
921,1,1,1,1,1,1
922,0,1,1,0,0,0
923,0,1,0,0,0,0
924,0,0,0,0,0,0
925,1,1,1,1,1,1
926,1,1,1,1,1,1
927,0,0,0,0,0,0
929,1,0,1,1,1,1
930,0,0,1,0,0,1
931,0,0,0,1,1,1
932,0,1,0,0,1,0
933,0,0,0,1,1,0
936,1,0,1,1,0,0
938,1,0,1,1,1,1
939,1,0,1,1,0,1
940,0,0,0,1,1,0
941,1,0,1,1,0,0
942,0,0,1,1,1,1
943,1,0,1,0,1,1
944,0,0,1,1,0,0
946,1,1,1,1,1,1
949,1,1,1,1,0,0
950,0,0,1,1,1,1
951,0,1,0,1,0,1
952,0,0,0,0,0,0
953,0,1,0,1,0,0
954,0,1,1,1,0,0
955,0,0,0,1,1,0
956,1,1,1,1,1,1
957,1,1,1,1,1,1
958,0,1,1,1,0,0
959,0,1,1,0,1,0
961,0,1,1,0,1,1
962,1,0,1,1,1,1
963,1,0,1,1,0,1
964,0,1,1,0,0,0
966,1,0,1,1,0,1
967,0,1,1,0,1,0
968,0,0,1,1,1,1
969,0,0,0,0,0,0
970,1,1,1,1,1,1
971,1,0,1,1,1,1
972,0,0,0,0,0,0
973,1,0,1,1,1,1
974,1,0,1,0,0,0
976,0,0,1,1,1,1
978,0,1,0,0,0,0
981,0,0,0,0,0,0
983,0,0,0,1,1,0
984,1,1,0,0,0,1
985,1,1,1,1,1,1
986,0,0,1,1,1,1
987,1,1,1,1,1,0
988,0,0,1,1,0,1
989,1,1,1,0,1,1
990,1,0,1,1,0,1
991,1,0,1,1,1,1
992,1,1,1,1,1,1
994,1,0,1,0,1,1
995,0,0,1,1,0,0
996,0,0,0,0,0,0
997,1,1,0,1,1,1
998,0,1,1,0,0,0
999,1,0,1,1,1,0
1000,1,1,1,0,1,1
1001,0,0,0,0,1,1
1003,1,0,1,1,1,1
1005,1,0,1,1,1,0
1006,0,0,0,1,0,0
1007,0,0,0,1,1,0
1008,1,0,1,1,1,1
1009,0,0,0,1,1,1
1010,0,0,0,0,0,0
1011,1,1,0,1,0,0
1012,0,0,0,0,0,0
1013,0,0,0,0,0,0
1014,1,1,1,1,1,1
1016,0,0,0,0,0,0
1017,0,0,0,0,1,1
1018,1,1,1,1,1,1
1019,0,0,0,0,1,1
1020,1,1,1,1,1,1
1021,0,1,1,1,1,1
1022,1,1,1,1,1,1
1023,0,0,0,1,0,0
1024,1,1,1,1,1,1
1025,0,0,0,1,0,0
1027,0,0,0,0,0,0
1028,0,0,0,1,0,1
1029,1,1,1,1,0,1
1032,1,1,1,0,0,0
1033,1,1,1,1,1,1
1034,1,1,1,1,0,0
1036,0,0,0,1,0,1
1037,1,1,1,1,1,1
1038,1,1,1,1,1,1
1039,0,1,1,0,1,0
1040,0,0,1,1,1,1
1041,0,1,1,1,0,0
1042,0,0,0,1,0,0
1043,0,1,0,0,0,0
1044,0,0,0,0,0,0
1045,1,1,1,0,1,1
1047,1,0,1,1,1,1
1048,0,0,0,0,0,0
1049,0,0,0,1,0,0
1050,1,0,1,1,0,1
1051,0,0,0,1,0,0
1052,0,0,0,0,0,0
1053,1,1,1,1,1,1
1054,0,1,0,1,0,0
1055,1,1,1,1,1,0
1056,1,1,1,1,1,1
1057,1,1,1,1,1,1
1058,0,1,0,0,0,0
1059,0,0,0,0,1,0
1060,0,0,1,1,1,0
1061,1,1,1,1,1,1
1062,1,0,1,1,0,1
1063,1,0,1,1,0,1
1064,1,1,1,1,1,1
1065,1,1,1,1,1,1
1066,0,1,1,1,0,0
1068,0,0,0,1,0,0
1069,1,1,0,0,1,1
1070,0,1,1,1,1,1
1071,0,0,1,0,0,1
1072,0,1,0,1,0,1
1073,1,0,0,0,0,0
1074,0,0,0,1,0,0
1075,1,1,1,1,1,1
1076,0,1,1,1,1,1
1077,0,1,0,1,1,1
1080,0,0,1,1,0,1
1081,0,1,0,0,0,1
1082,0,0,0,1,1,0
1083,0,0,0,0,0,0
1084,0,0,1,1,0,0
1085,0,1,0,0,0,0
1086,0,0,0,0,1,0
1087,1,0,1,1,1,1
1088,0,1,1,1,1,1
1090,0,1,1,0,1,1
1093,1,1,1,1,0,1
1094,1,0,1,0,1,0
1096,0,0,0,0,0,0
1097,0,0,0,1,1,1
1098,0,1,0,1,0,1
1099,1,1,1,1,1,1
1100,1,1,1,1,1,1
1101,1,1,1,1,1,1
1102,0,0,0,1,1,0
1103,1,0,1,1,1,1
1104,1,1,1,1,1,1
1106,1,1,1,1,1,1
1107,0,0,0,1,1,0
1108,1,0,1,1,0,1
1109,1,0,1,1,1,1
1110,0,0,0,0,1,1
1111,0,1,1,0,1,1
1112,0,1,0,1,0,0
1113,1,1,1,1,1,1
1114,0,1,1,0,0,0
1115,1,1,1,1,1,1
1116,0,0,0,0,1,0
1117,1,1,1,1,1,1
1118,0,0,1,1,1,1
1119,1,1,1,1,0,1
1120,0,1,0,0,0,0
1121,0,0,0,0,1,0
1122,0,1,1,1,1,1
1123,0,0,1,1,1,1
1125,1,1,1,1,1,1
1126,0,0,0,1,0,0
1127,1,0,1,1,1,1
1128,1,0,1,0,0,0
1129,0,1,1,1,1,1
1130,1,1,1,1,1,1
1131,1,0,1,1,1,1
1132,1,1,1,1,1,1
1134,1,0,1,1,1,1
1135,0,0,1,1,1,1
1136,0,1,1,0,0,0
1137,0,1,1,1,0,0
1139,0,1,0,0,1,1
1140,1,1,1,1,1,1
1141,1,0,1,0,0,0
1142,1,0,1,1,1,0
1143,1,1,1,1,1,1
1144,0,1,1,1,0,0
1145,1,0,1,1,1,1
1146,0,1,0,1,0,0
1147,0,0,0,0,1,0
1148,1,0,1,1,1,1
1149,0,0,1,1,1,1
1150,1,1,0,1,0,0
1152,1,1,1,1,1,1
1154,1,0,1,1,1,1
1156,0,0,0,0,0,0
1157,1,1,1,1,0,0
1158,0,1,1,0,1,0
1159,1,0,1,1,1,1
1160,1,0,1,0,1,1
1161,1,1,1,1,1,1
1162,0,0,0,1,1,0
1163,1,1,0,1,1,0
1164,0,0,1,1,1,1
1165,0,1,1,1,0,0
1166,1,1,1,1,1,1
1167,1,1,1,1,1,1
1169,1,1,1,1,1,1
1171,0,0,1,0,1,0
1172,0,0,0,1,1,0
1173,0,0,0,0,0,0
1174,0,0,0,1,0,1
1175,0,0,0,1,1,1
1176,1,1,1,1,1,1
1178,1,1,1,1,1,1
1179,0,0,0,1,1,0
1180,1,1,1,0,1,1
1181,0,0,0,1,1,1
1182,1,1,1,1,1,1
1183,1,1,1,0,1,1
1184,0,0,0,1,0,0
1185,0,1,0,1,1,0
1186,0,1,1,1,1,1
1187,1,0,1,1,0,0
1188,0,0,1,1,1,1
1189,0,1,1,1,1,1
1191,0,0,0,1,0,0
1192,1,1,1,0,1,1
1193,0,0,1,0,1,1
1194,0,0,0,1,0,0
1195,1,1,1,1,1,1
1196,1,0,1,1,1,1
1197,0,1,0,0,1,1
1198,1,0,1,0,1,1
1199,1,0,1,0,1,0
1200,1,1,1,1,1,1
1201,0,0,0,0,0,0
1203,1,1,1,1,0,1
1205,1,1,1,1,1,1
1206,1,1,1,1,1,1
1207,0,1,1,0,1,1
1208,1,1,1,1,1,0
1209,1,1,1,1,1,1
1210,0,1,1,1,1,1
1211,0,0,0,0,0,0
1213,1,1,1,1,1,1
1214,0,1,1,1,0,0
1216,0,0,0,0,0,0
1217,1,1,1,1,1,0
1218,0,1,0,1,1,1
1219,0,1,1,1,1,0
1220,1,1,1,1,1,1
1222,1,1,1,1,0,0
1223,0,1,0,1,1,0
1224,1,1,1,1,1,1
1225,0,0,0,0,1,0
1226,1,1,1,0,0,1
1228,0,1,1,0,1,0
1229,1,0,1,1,1,1
1230,1,1,1,1,1,1
1231,0,1,1,0,1,1
1232,1,0,0,0,1,0
1233,1,1,1,1,1,1
1234,1,1,1,1,0,1
1235,1,0,1,1,1,1
1236,1,1,1,1,1,1
1237,1,0,0,0,1,0
1238,1,1,1,1,1,1
1239,0,1,0,1,1,1
1240,0,0,0,1,1,0
1242,1,1,1,0,1,1
1243,1,1,1,1,1,0
1246,0,1,1,0,0,1
1247,0,0,1,0,1,0
1248,0,0,0,1,1,1
1249,0,1,1,0,0,0
1250,0,1,1,1,0,1
1251,1,1,1,1,1,1
1252,0,0,1,0,0,1
1253,1,1,1,1,1,1
1254,1,1,1,1,1,1
1255,1,1,1,0,1,1
1256,0,0,0,1,1,0
1257,1,1,1,1,0,1
1258,0,0,1,1,1,1
1259,0,0,0,1,0,0
1260,0,0,0,1,0,0
1261,0,0,0,1,1,0
1262,0,0,0,0,0,0
1263,1,1,1,1,0,1
1264,0,1,1,0,1,0
1265,0,0,1,1,1,1
1266,0,0,0,1,0,0
1267,1,1,1,1,1,0
1268,0,0,0,0,0,0
1269,1,1,1,1,1,1
1270,1,0,1,1,1,1
1271,1,0,1,1,1,1
1272,0,0,1,1,1,1
1273,0,0,0,1,0,0
1274,0,0,0,0,1,1
1275,0,1,1,1,0,0
1276,1,1,1,1,0,0
1277,0,0,1,1,0,0
1278,1,1,1,1,1,1
1279,0,0,0,1,1,1
1280,0,1,1,1,1,0
1281,0,1,0,1,1,1
1282,0,1,1,0,0,0
1284,1,0,0,0,0,0
1285,1,1,1,1,1,0
1286,1,1,1,1,1,1
1287,1,1,1,1,1,1
1288,0,0,1,0,1,1
1289,0,0,1,0,0,1
1290,1,1,1,1,1,1
1291,0,1,0,1,0,1
1292,1,1,1,1,1,1
1293,0,1,1,1,0,1
1294,0,1,0,0,0,0
1295,1,0,1,1,1,1
1296,0,0,0,0,1,1
1297,0,0,0,1,0,0
1298,1,1,1,1,1,0
1299,0,1,1,0,1,1
1301,1,1,1,1,1,1
1302,0,0,0,0,0,1
1303,0,0,0,1,1,1
1304,0,0,0,0,1,0
1305,0,1,1,1,1,1
1307,1,1,1,1,1,1
1309,0,0,0,1,1,1
1310,0,0,0,1,1,0
1311,0,0,1,0,1,1
1312,1,1,1,1,0,0
1313,0,0,0,0,0,0
1314,0,0,0,1,1,0
1315,0,0,0,0,1,0
1316,1,1,1,1,1,1
1318,1,1,1,1,1,1
1319,1,1,1,1,1,1
1320,0,1,0,1,0,1
1321,1,1,1,1,1,1
1322,0,0,0,0,1,0
1323,0,1,1,1,1,1
1325,1,0,1,1,1,1
1326,0,0,0,0,0,0
1327,0,1,0,0,0,0
1328,0,0,1,1,0,0
1329,0,0,0,1,0,0
1330,0,0,0,1,1,1
1331,1,1,1,1,1,1
1332,0,0,0,1,0,0
1333,0,1,0,1,1,0
1334,1,0,1,0,1,0
1335,0,1,0,1,1,1
1336,0,0,1,1,0,0
1337,0,0,0,0,0,0
1338,1,1,1,1,1,1
1339,0,0,0,1,0,0
1340,1,0,1,1,1,1
1341,1,0,1,1,1,1
1342,1,0,1,1,1,1
1343,0,0,0,0,0,0
1344,1,0,1,1,1,1
1345,0,0,0,1,0,0
1347,1,1,1,1,1,1
1348,0,0,0,1,0,0
1349,0,0,0,1,1,0
1350,1,1,1,1,0,1
1352,0,1,1,1,0,0
1353,1,1,1,1,1,1
1354,1,1,1,1,1,1
1356,1,1,0,1,1,0
1358,0,0,1,1,1,1
1359,1,1,1,1,1,1
1360,0,1,1,1,1,1
1361,0,1,1,0,0,0
1362,1,1,1,1,1,1
1365,1,0,1,0,0,0
1367,0,1,1,1,0,0
1368,1,1,0,0,0,0
1369,0,0,1,1,1,1
1370,1,1,1,1,1,1
1371,1,1,1,1,1,1
1372,1,1,1,1,1,1
1373,0,0,0,0,1,0
1374,1,1,1,1,1,1
1375,0,0,1,1,1,1
1377,1,1,1,1,1,1
1378,1,0,1,1,0,1
1379,0,0,1,0,0,0
1380,0,0,0,1,0,0
1382,0,0,1,0,0,0
1383,0,0,0,1,0,0
1384,1,0,1,1,0,0
1387,1,1,0,0,0,0
1389,1,1,1,1,1,1
1390,0,0,0,1,0,0
1392,0,0,0,0,0,0
1394,1,1,1,1,1,1
1395,1,1,1,1,1,1
1397,1,0,1,0,1,0
1398,0,0,1,1,0,1
1399,1,0,1,1,1,1
1400,1,1,1,1,1,1
1401,1,1,1,1,1,1
1402,0,0,0,0,0,0
1403,0,0,1,0,1,0
1404,1,0,1,1,1,1
1405,1,1,1,1,1,1
1406,0,0,1,1,1,1
1407,1,0,1,1,1,1
1408,1,1,1,1,1,1
1410,1,1,1,1,1,1
1411,1,1,1,1,1,1
1412,1,0,1,1,0,0
1413,0,0,0,0,0,0
1415,0,0,0,0,0,0
1416,1,0,1,0,1,1
1418,0,0,0,1,0,0
1419,1,0,1,1,1,0
1420,0,0,0,0,0,0
1421,1,0,1,1,1,1
1422,1,1,1,1,1,1
1423,0,1,1,0,1,0
1424,0,0,1,1,0,0
1425,0,0,1,1,0,1
1426,0,0,0,1,0,1
1427,1,1,1,0,1,1
1428,1,0,1,1,1,1
1429,1,1,1,1,1,0
1430,1,1,1,1,1,1
1431,0,1,1,0,0,1
1432,1,0,1,1,0,1
1433,0,0,0,1,0,0
1434,1,1,0,0,1,1
1435,1,1,0,0,1,1
1436,1,0,1,0,1,1
1437,0,0,0,1,0,1
1438,1,1,1,1,1,1
1439,0,1,0,1,1,1
1440,1,0,1,1,1,1
1441,0,0,1,1,1,1
1442,1,1,1,1,1,0
1443,1,1,1,1,1,1
1444,1,1,0,0,0,0
1445,1,1,1,1,1,1
1446,0,0,1,0,1,0
1447,1,1,0,1,1,1
1448,0,1,0,1,1,0
1449,0,0,0,0,1,1
1450,1,1,1,1,1,1
1451,0,0,0,0,0,0
1452,0,1,1,1,0,0
1453,0,1,0,0,0,0
1454,1,1,1,1,1,1
1455,0,0,0,1,1,0
1456,1,1,1,1,1,1
1457,1,0,1,1,1,1
1458,1,0,1,1,1,1
1459,1,0,1,1,1,1
1460,0,0,0,1,1,1
1461,1,1,1,1,1,1
1462,0,0,0,1,0,1
1463,1,0,0,0,0,1
1466,0,0,1,0,0,0
1467,1,1,1,0,1,1
1468,1,1,1,1,1,1
1469,0,1,1,1,1,1
1470,0,0,0,0,0,0
1471,1,0,0,0,0,1
1472,1,1,1,1,1,1
1474,1,0,1,1,1,1
1475,0,0,1,0,1,1
1476,0,0,0,0,0,0
1477,0,1,0,1,1,0
1478,1,1,1,1,1,1
1479,1,1,1,1,1,1
1480,0,0,0,1,1,1
1481,0,0,0,1,1,1
1482,0,0,1,0,1,0
1483,1,1,1,1,1,0
1484,1,1,1,1,1,1
1485,0,0,1,1,0,0
1487,1,1,1,1,1,1
1490,0,0,1,0,0,1
1492,0,1,1,0,1,1
1493,1,1,1,1,1,1
1494,0,1,0,0,1,0
1495,1,0,1,1,1,1
1497,1,0,1,1,1,1
1498,0,1,1,1,1,1
1500,0,0,0,0,0,0
1501,0,1,0,1,0,0
1502,0,1,1,1,1,1
1503,1,1,1,1,1,1
1504,1,1,1,1,1,1
1505,1,0,0,0,1,0
1506,1,1,1,1,1,1
1507,0,0,0,1,1,1
1509,1,0,1,1,0,0
1510,0,0,0,1,1,0
1511,0,1,0,1,0,0
1512,1,0,1,1,1,1
1513,0,1,0,1,0,1
1514,1,0,1,1,0,1
1516,1,1,1,1,1,1
1517,1,1,1,1,1,1
1518,1,1,1,0,1,1
1519,1,1,1,0,0,0
1520,1,1,1,1,1,1
1521,0,0,1,1,1,0
1522,0,0,1,1,0,1
1523,0,0,1,0,1,0
1524,1,1,1,1,0,0
1525,1,1,1,1,1,1
1528,1,1,1,0,0,1
1529,1,1,1,1,0,1
1530,1,1,0,1,1,1
1531,1,1,1,1,1,1
1532,0,1,1,1,1,1
1533,1,1,1,1,1,0
1534,0,0,0,1,0,0
1535,1,1,1,1,1,1
1536,0,0,0,0,1,0
1537,0,1,0,0,1,1
1538,0,1,0,1,1,1
1539,1,1,1,1,1,1
1540,1,1,1,0,0,0
1541,1,1,1,1,1,1
1542,0,0,0,1,0,0
1543,0,0,0,0,1,1
1544,1,1,1,1,1,1
1545,0,0,1,0,0,0
1547,0,0,0,0,0,0
1548,0,0,0,1,1,0
1549,0,1,1,1,1,0
1550,0,0,0,0,1,1
1551,1,1,1,1,1,1
1552,0,1,1,1,1,0
1553,0,1,1,1,1,1
1554,0,0,0,0,0,0
1555,1,0,1,1,1,1
1556,0,0,0,0,0,0
1558,0,0,1,1,1,1
1559,1,1,1,1,1,1
1560,0,0,1,1,1,1
1561,1,0,1,1,1,1
1562,0,0,1,1,1,1
1563,1,1,0,0,1,1
1566,1,1,1,1,1,1
1567,0,0,1,0,0,0
1568,1,0,1,1,1,1
1569,1,1,1,1,1,1
1570,0,1,1,1,1,0
1571,1,1,0,0,0,0
1573,0,0,1,1,0,0
1574,1,1,1,1,1,1
1575,1,1,1,1,1,1
1576,0,0,0,0,0,0
1577,1,1,1,1,1,1
1578,0,1,1,0,1,1
1581,0,0,0,1,1,0
1582,0,0,1,1,0,0
1583,1,0,1,0,1,1
1584,0,1,0,1,1,1
1585,0,0,0,1,0,0
1586,0,1,1,0,1,0
1587,1,1,1,1,1,1
1588,1,0,1,0,1,1
1589,0,0,0,0,0,0
1590,1,1,1,1,1,1
1591,0,0,0,0,0,0
1592,0,1,0,1,0,1
1593,1,1,1,1,1,1
1594,0,1,1,1,1,0
1595,0,0,0,0,0,0
1596,0,0,0,1,1,1
1597,0,1,1,0,0,0
1598,1,1,0,1,1,1
1599,0,1,1,1,0,1
1600,0,0,1,1,0,1
1603,0,0,0,0,0,0
1604,1,1,1,1,1,1
1605,1,1,1,1,1,1
1606,1,1,0,0,1,1
1607,0,0,0,0,1,1
1608,1,1,1,1,1,1
1609,0,1,1,0,0,0
1610,1,1,1,1,1,1
1611,0,1,1,1,1,1
1612,0,0,0,1,1,0
1613,0,0,0,1,0,1
1614,1,0,1,0,1,1
1615,1,0,1,1,1,1
1616,0,0,1,0,0,0
1617,0,0,0,1,0,0
1618,1,1,1,1,1,1
1620,1,0,1,1,1,1
1621,0,0,1,1,1,1
1622,1,1,1,1,1,1
1624,0,0,1,0,0,1
1625,1,1,1,1,1,1
1626,1,0,1,1,1,1
1627,0,0,0,0,0,0
1628,1,1,1,1,1,1
1629,0,0,0,1,1,0
1630,0,1,0,0,0,0
1631,0,1,1,1,1,1
1632,1,1,1,1,1,1
1634,1,1,1,1,1,1
1635,0,0,0,1,0,0
1636,0,0,1,1,1,1
1637,1,1,1,0,0,0
1638,1,0,1,1,1,1
1639,1,1,1,1,1,1
1640,0,0,0,1,1,0
1641,1,1,1,1,1,1
1642,1,0,1,1,1,1
1643,1,1,1,1,1,0
1644,1,0,1,0,1,1
1645,0,1,1,0,1,0
1646,0,0,1,1,1,1
1647,0,0,0,0,0,0
1648,0,1,0,1,0,0
1649,1,1,0,1,0,0
1650,0,1,1,1,1,1
1651,1,1,1,1,1,0
1652,0,0,1,1,1,1
1653,0,0,0,0,0,0
1654,1,1,1,0,0,0
1655,0,0,0,1,0,0
1656,0,0,0,1,1,0
1657,1,1,1,1,1,1
1658,0,1,0,1,1,1
1659,1,1,1,1,1,1
1660,1,1,1,0,0,0
1661,0,0,1,1,0,0
1663,1,1,1,1,1,1
1664,1,0,1,1,1,1
1665,1,0,1,1,0,1
1666,1,1,1,1,1,1
1667,1,1,1,1,0,0
1668,0,0,0,0,0,0
1671,1,0,1,1,1,1
1672,1,1,1,1,1,1
1674,0,0,0,0,1,0
1675,1,1,1,1,0,0
1676,1,1,1,1,1,1
1677,1,1,1,1,0,1
1678,0,0,0,1,1,1
1679,0,1,1,1,1,1
1680,0,0,0,1,1,0
1681,1,0,1,1,0,1
1682,1,0,1,1,1,1
1683,0,1,1,1,1,1
1685,0,0,0,0,0,0
1686,1,0,1,0,0,1
1687,0,0,0,1,0,1
1688,0,0,1,1,0,0
1689,1,1,1,1,0,1
1690,1,1,0,1,0,0
1691,1,1,1,1,1,1
1692,1,1,1,1,1,1
1693,1,0,0,0,0,0
1694,1,1,1,1,1,1
1695,0,1,0,1,1,1
1697,1,1,1,1,1,0
1698,0,0,1,1,0,0
1700,0,1,0,1,0,0
1701,0,0,0,1,1,1
1702,1,1,1,0,0,0
1703,1,1,1,1,1,0
1704,1,1,1,1,1,1
1705,0,1,1,1,1,1
1706,0,0,0,1,1,1
1707,1,1,1,1,1,1
1708,1,0,1,1,1,1
1709,1,1,0,1,1,1
1710,1,1,1,1,1,1
1712,0,1,0,0,1,1
1713,0,0,0,1,0,1
1714,1,1,1,1,1,1
1715,1,1,1,1,1,1
1716,0,0,1,1,0,0
1717,0,0,0,1,0,0
1718,1,1,1,1,1,1
1719,1,1,1,1,1,1
1720,0,0,0,1,1,1
1721,1,1,1,1,1,1
1722,1,0,1,1,1,1
1723,1,1,1,1,1,1
1724,0,0,1,1,0,1
1725,1,1,1,1,1,1
1726,1,1,1,1,1,1
1727,0,1,1,1,0,1
1728,0,0,1,0,0,0
1729,1,1,1,1,1,1
1731,0,0,0,1,0,0
1732,0,0,1,1,0,0
1733,1,0,1,1,1,1
1734,0,1,1,0,1,1
1735,0,0,1,1,1,1
1736,0,0,0,1,1,0
1737,0,0,0,0,0,0
1738,0,0,0,1,0,1
1739,1,1,0,0,1,0
1740,0,0,0,1,1,1
1741,1,0,1,0,0,0
1742,0,0,1,1,0,1
1743,0,1,1,0,0,0
1744,1,1,1,1,1,1
1745,0,1,1,1,1,0
1746,0,0,0,1,0,0
1747,1,0,0,1,1,0
1748,1,0,1,1,1,0
1749,0,1,1,1,1,1
1750,0,0,0,0,0,1
1752,0,0,0,1,1,1
1753,1,1,1,1,1,1
1754,1,1,0,0,1,0
1755,0,1,1,1,1,1
1756,0,1,0,1,1,1
1757,0,0,1,0,0,0
1758,0,0,0,0,1,1
1759,1,0,1,1,1,0
1760,1,1,1,1,1,1
1761,1,1,1,1,1,0
1762,1,1,1,1,1,1
1763,1,0,1,1,1,1
1764,1,1,1,1,1,1
1765,0,1,0,0,1,0
1766,1,1,1,1,1,1
1767,1,1,1,1,1,1
1768,1,0,1,0,0,1
1769,0,1,1,0,0,0
1770,0,0,0,1,1,0
1771,0,0,0,1,1,1
1772,0,0,0,0,1,0
1773,1,1,1,1,1,1
1774,0,0,0,0,1,0
1777,0,0,0,1,1,1
1779,0,0,0,1,1,0
1781,1,1,0,1,0,0
1782,1,0,1,1,0,0
1783,0,1,0,1,0,1
1784,0,1,0,1,1,1
1785,0,0,0,0,0,0
1786,1,0,1,0,1,0
1787,0,1,1,1,1,1
1788,0,0,0,1,1,1
1789,0,0,0,0,1,0
1790,0,1,1,1,1,0
1791,0,0,0,1,0,0
1792,0,0,1,1,0,1
1793,1,1,1,1,1,1
1794,0,0,0,0,0,1
1795,0,0,0,1,0,0
1796,1,0,1,0,1,0
1797,0,0,0,1,0,1
1798,0,1,1,0,0,0
1799,0,0,0,1,1,1
1801,0,1,1,1,1,0
1802,1,1,1,1,1,1
1803,1,0,1,1,1,1
1804,0,0,0,1,0,0
1805,1,1,1,1,1,1
1806,1,0,1,1,1,1
1807,1,1,1,1,1,1
1808,1,0,0,1,1,1
1809,0,0,1,1,1,0
1810,0,0,1,1,1,0
1811,1,0,1,1,1,1
1812,1,1,1,1,0,0
1813,1,1,1,1,1,1
1814,0,1,0,1,0,0
1815,0,1,0,1,1,1
1816,0,0,0,1,1,0
1817,0,0,1,1,1,0
1818,1,1,1,0,0,1
1819,0,1,1,1,1,0
1822,0,0,1,1,0,0
1823,1,1,1,1,0,1
1824,1,1,1,1,1,1
1825,0,0,1,0,0,0
1826,0,0,0,1,1,1
1829,1,1,1,1,1,1
1830,1,1,1,1,1,1
1831,1,1,0,1,1,1
1832,1,1,1,1,0,1
1833,1,1,1,1,1,1
1834,0,1,1,0,0,0
1835,0,0,0,1,1,0
1836,0,0,1,1,1,1
1837,1,1,1,0,0,0
1838,1,1,1,1,1,1
1839,1,1,1,1,0,1
1840,1,1,1,1,1,1
1841,0,0,0,1,0,0
1842,0,0,1,1,0,0
1844,1,1,1,1,1,1
1845,0,1,1,1,1,1
1846,1,0,1,1,1,1
1847,1,1,1,1,0,0
1848,0,1,0,0,1,0
1849,0,0,0,0,1,0
1850,1,0,1,1,1,1
1851,0,0,0,0,0,0
1852,1,1,1,1,0,0
1853,1,0,1,1,1,1
1854,0,0,0,0,0,0
1855,1,1,1,1,1,1
1856,1,1,1,1,1,1
1857,1,0,1,0,1,0
1858,0,0,0,1,1,0
1859,0,1,1,0,0,0
1861,1,1,1,1,1,1
1862,1,1,1,1,1,1
1863,0,0,1,0,0,1
1864,0,0,0,1,1,0
1866,1,1,1,1,1,1
1867,0,0,1,1,1,1
1868,1,1,1,1,1,0
1869,1,1,1,1,1,1
1870,0,1,0,1,0,1
1871,0,0,1,1,0,0
1872,1,0,1,1,1,1
1874,0,0,0,1,0,0
1875,1,1,1,1,1,1
1877,0,1,1,1,1,1
1878,1,0,1,1,1,1
1879,1,1,0,1,1,1
1880,1,1,1,1,1,1
1881,1,0,1,1,1,1
1882,1,1,1,1,1,1
1883,1,1,1,1,1,1
1884,0,0,0,0,1,1
1885,0,0,0,1,1,1
1886,0,1,0,1,0,0
1887,1,1,1,0,0,1
1888,0,1,0,0,0,0
1889,1,1,1,1,1,1
1890,1,1,1,1,1,1
1892,0,0,1,1,0,0
1893,1,1,0,0,1,0
1894,1,1,1,1,1,1
1895,0,1,1,0,0,0
1896,1,1,0,0,1,1
1897,1,1,1,1,0,0
1898,0,1,0,1,0,0
1899,1,1,1,1,1,1
1901,1,1,1,1,1,1
1903,0,0,0,0,0,0
1904,0,0,1,1,1,0
1905,0,0,1,0,0,0
1906,1,1,1,1,1,1
1908,0,0,1,1,1,0
1909,0,1,1,1,1,0
1910,0,0,0,1,0,0
1911,0,0,0,1,1,1
1912,0,0,0,0,0,0
1913,0,1,0,0,0,0
1916,1,1,1,1,1,1
1917,1,0,0,1,0,0
1918,0,1,0,1,1,0
1919,0,0,0,0,0,0
1920,1,1,1,0,1,1
1921,1,0,1,1,1,1
1922,1,0,1,0,1,0
1923,1,1,1,0,0,0
1924,0,0,1,1,0,0
1926,0,1,1,1,0,0
1927,0,0,1,1,0,0
1928,1,0,1,1,1,1
1929,1,1,1,0,1,0
1930,0,0,0,0,0,0
1931,0,0,1,1,1,1
1932,1,0,1,1,1,1
1934,1,1,1,1,1,1
1935,1,0,0,1,1,1
1936,1,1,1,1,0,1
1937,0,0,0,0,1,0
1938,1,1,1,1,1,1
1939,0,0,0,1,1,1
1940,1,1,1,1,1,1
1941,0,0,0,0,1,0
1942,0,0,0,0,1,1
1943,0,1,1,1,0,0
1944,1,0,1,1,1,1
1945,1,0,1,1,0,1
1946,1,1,0,1,1,0
1947,0,1,0,0,1,0
1948,1,0,0,1,0,1
1949,0,1,1,0,0,0
1951,1,0,1,0,0,0
1952,0,1,0,0,1,1
1953,1,0,1,1,0,0
1954,0,1,0,0,0,0
1955,0,0,0,0,0,0
1956,0,0,0,0,1,0
1957,1,0,1,0,1,1
1958,1,1,1,0,1,0
1959,0,0,0,0,0,0
1960,0,0,0,0,1,0
1961,0,1,1,0,0,0
1963,1,1,1,1,1,1
1965,0,0,1,1,1,0
1967,1,0,1,1,1,1
1968,0,0,1,0,1,0
1969,1,1,1,0,1,1
1971,0,0,0,1,0,0
1972,1,1,1,1,1,1
1973,1,1,1,1,1,1
1974,0,0,0,1,1,1
1975,1,1,1,1,1,1
1976,0,1,0,1,1,0
1977,1,0,1,1,1,1
1978,1,1,1,1,1,1
1979,1,1,1,1,1,1
1980,0,0,0,0,1,0
1982,1,1,1,1,1,1
1983,0,0,1,1,1,1
1984,0,1,0,1,1,1
1985,0,0,0,0,0,0
1987,0,0,0,1,0,0
1988,1,1,1,1,1,1
1989,0,0,1,1,0,0
1990,0,1,1,1,1,1
1991,0,0,0,1,1,1
1992,1,1,1,1,1,1
1995,1,1,1,1,1,1
1996,0,0,1,0,1,1
1997,1,1,1,1,1,1
1998,1,1,1,1,1,1
1999,0,0,0,1,1,1
2000,0,1,0,0,0,0
2001,1,1,1,1,1,1
2002,1,1,1,1,1,1
2004,1,1,1,1,1,1
2005,0,1,0,1,0,0
2006,1,0,0,1,1,1
2007,1,0,1,1,1,1
2008,0,0,1,0,0,1
2009,1,0,1,0,1,1
2010,0,0,1,0,1,1
2011,0,1,1,1,1,0
2012,1,1,1,1,1,1
2013,1,1,1,1,1,1
2014,0,1,1,1,1,1
2015,0,0,0,0,1,0
2016,1,0,1,1,1,1
2017,1,1,1,1,0,1
2018,1,1,1,1,1,1
2019,0,1,1,1,1,1
2020,1,0,1,1,1,0
2021,1,1,1,1,1,1
2022,1,0,0,1,1,1
2023,0,0,1,1,0,0
2024,0,0,0,0,0,0
2025,1,0,1,1,1,1
2026,0,0,0,0,1,0
2027,0,0,0,0,1,0
2028,1,1,1,1,1,1
2030,0,1,1,1,0,0
2031,0,1,1,0,0,1
2032,0,0,1,1,0,1
2034,1,0,1,1,0,0
2035,1,1,1,0,1,1
2036,1,1,1,1,1,1
2037,1,1,1,1,1,1
2038,1,0,0,1,1,1
2039,0,1,1,1,1,1
2040,0,1,1,1,0,0
2041,0,1,0,1,1,1
2042,1,0,1,0,0,1
2043,1,1,1,0,1,1
2044,1,0,1,1,1,1
2045,1,1,1,0,1,1
2046,1,0,1,1,1,1
2047,0,1,0,0,0,0
2048,1,0,1,1,1,1
2049,1,1,1,1,0,0
2050,0,0,0,1,1,1
2051,1,1,1,1,1,1
2052,1,1,1,1,1,1
2054,0,1,1,1,0,1
2056,0,0,0,1,1,1
2057,1,1,1,0,0,1
2058,1,1,1,1,1,1
2059,0,1,1,1,1,0
2060,1,1,1,1,1,1
2061,1,1,1,0,1,1
2062,0,1,0,1,0,0
2063,1,0,1,1,1,1
2064,0,0,0,0,0,0
2065,1,0,1,1,1,1
2066,1,0,1,0,1,0
2067,1,1,1,1,1,1
2068,0,1,0,0,0,1
2069,1,0,1,1,1,1
2071,1,1,1,1,1,1
2072,1,1,1,1,1,1
2073,1,0,0,0,0,0
2074,0,0,0,1,1,1
2075,0,0,1,1,0,0
2076,1,1,1,1,1,1
2077,0,0,1,0,0,1
2078,0,0,0,1,0,0
2079,1,0,0,1,1,1
2080,1,1,1,1,1,1
2081,1,1,1,0,1,1
2082,1,0,1,1,0,0
2084,0,1,0,1,0,0
2085,1,1,1,1,0,1
2086,1,0,1,1,1,1
2087,1,0,0,0,1,0
2088,0,0,0,0,0,0
2089,0,0,1,1,1,1
2090,0,1,1,1,1,1
2091,1,1,1,0,0,0
2092,1,1,1,1,1,1
2093,0,0,0,1,0,1
2094,0,0,0,1,0,1
2095,1,1,1,1,1,1
2096,0,1,1,0,0,0
2097,0,1,0,0,0,0
2098,1,0,1,1,1,1
2099,1,1,1,1,1,1
2100,1,0,0,1,0,1
2102,0,0,0,1,0,0
2103,1,1,1,1,0,0
2104,0,0,0,0,1,0
2106,0,0,0,1,1,0
2107,0,0,0,1,0,1
2108,1,1,1,1,1,1
2109,1,1,0,1,1,0
2110,1,0,1,1,1,1
2111,1,0,1,1,1,1
2113,1,0,0,1,0,0
2114,1,0,1,1,1,1
2115,0,0,1,1,0,0
2116,1,0,1,1,1,1
2118,1,1,1,1,0,0
2119,1,1,0,0,1,0
2120,0,0,0,1,0,1
2121,1,0,1,1,1,1
2122,1,1,1,1,1,1
2123,0,1,0,1,1,1
2124,1,1,1,1,1,1
2125,0,0,0,1,0,0
2126,1,0,1,1,0,1
2127,0,1,1,1,1,0
2128,0,1,0,0,0,0
2129,1,0,1,1,1,1
2131,1,0,0,1,0,0
2132,0,0,1,1,1,1
2133,1,1,1,1,1,1
2134,1,1,1,1,1,1
2135,0,1,0,0,0,0
2137,1,1,1,1,1,1
2138,0,0,0,1,1,0
2139,1,1,1,1,1,1
2141,0,1,1,1,0,1
2142,0,0,1,1,0,0
2143,1,0,0,1,1,0
2144,1,0,0,1,1,1
2146,0,0,0,0,0,1
2147,0,0,1,1,1,0
2148,1,0,1,1,0,1
2149,0,0,0,0,0,0
2150,0,0,0,1,0,0
2151,0,1,1,0,0,0
2152,0,0,0,1,1,1
2153,0,0,0,1,1,1
2154,1,1,1,0,0,0
2155,1,0,1,0,1,1
2156,1,1,1,1,1,1
2157,0,0,0,0,0,0
2158,1,1,1,1,1,1
2159,1,1,1,1,1,1
2160,0,1,1,0,0,0
2161,1,1,1,1,1,1
2162,0,0,1,1,1,0
2163,0,0,0,0,0,0
2164,0,0,0,1,1,1
2165,1,1,1,1,1,1
2166,0,1,1,1,1,0
2167,0,0,0,0,1,0
2169,1,1,1,1,1,0
2170,1,1,1,1,1,1
2171,0,0,0,0,0,0
2172,0,0,0,0,1,0
2173,1,1,1,1,1,1
2174,0,1,0,0,0,1
2175,0,0,1,1,1,1
2176,1,1,1,1,0,0
2177,0,0,1,1,0,0
2178,0,1,1,0,0,0
2179,1,1,1,1,1,1
2181,0,1,1,1,1,1
2182,1,1,1,1,0,1
2183,1,1,1,1,0,1
2185,0,1,1,1,1,1
2186,0,0,0,1,0,0
2187,1,1,1,1,1,1
2188,1,1,1,1,1,1
2189,0,1,1,1,1,1
2190,1,1,0,1,1,1
2191,0,0,1,0,0,0
2193,1,1,1,1,1,1
2195,0,1,0,0,0,0
2197,0,1,0,0,0,0
2200,1,0,1,0,0,1
2201,0,1,1,0,1,0
2202,1,1,1,1,0,1
2203,1,0,0,0,0,0
2204,0,1,1,1,0,0
2205,1,0,1,1,1,1
2206,0,1,1,1,0,0
2207,1,0,1,1,1,1
2209,1,1,1,1,1,1
2210,1,1,1,1,1,1
2211,0,1,1,1,1,0
2212,0,1,1,1,1,0
2213,0,0,1,1,0,1
2214,1,0,1,1,1,1
2215,0,1,1,1,0,0
2217,0,1,1,1,1,1
2218,1,0,1,1,1,1
2219,1,0,1,1,0,0
2221,0,0,0,0,1,1
2222,1,1,1,1,1,1
2223,1,1,1,1,0,0
2224,0,0,1,0,1,1
2225,0,1,0,1,1,0
2226,1,1,1,1,1,1
2227,0,0,0,1,1,0
2228,1,0,1,1,1,1
2229,1,1,1,1,1,1
2230,1,1,1,1,0,0
2232,1,1,1,1,1,1
2233,0,0,0,0,0,0
2234,1,1,1,1,1,1
2235,0,0,1,1,0,0
2236,1,0,1,1,0,0
2237,0,0,0,0,1,0
2238,0,1,1,1,1,1
2239,0,1,0,1,0,0
2240,1,1,1,1,1,1
2242,1,0,1,1,1,1
2243,0,0,0,1,1,0
2244,1,1,1,1,1,1
2245,0,0,1,0,0,0
2246,1,1,1,1,1,1
2247,1,1,1,1,1,1
2248,0,0,1,1,1,0
2249,0,0,1,1,1,1
2250,0,0,0,0,0,0
2251,1,1,1,0,0,0
2252,1,1,1,1,1,1
2253,1,0,1,0,1,1
2254,1,1,1,1,1,1
2255,0,0,0,1,1,1
2256,1,1,1,1,1,0
2257,1,1,1,1,1,1
2259,1,0,0,0,0,0
2260,0,0,0,1,1,1
2261,1,1,1,1,1,1
2263,1,1,0,1,0,0
2264,1,1,1,1,1,1
2265,0,1,1,1,1,1
2266,1,1,1,1,1,1
2267,0,0,0,1,1,0
2268,0,0,1,1,1,1
2269,1,0,1,1,0,1
2270,0,1,1,1,0,0
2271,0,1,0,0,1,0
2272,0,1,1,0,0,0
2273,0,1,1,1,1,1
2274,0,1,1,0,0,0
2275,1,1,1,1,1,1
2276,1,0,1,1,1,1
2278,0,1,1,0,0,0
2279,1,1,1,1,1,1
2280,1,1,0,0,0,0
2281,1,1,1,1,1,1
2282,0,1,0,1,1,1
2284,1,1,1,1,1,1
2285,0,0,1,1,1,1
2287,1,1,1,0,1,0
2288,1,1,1,1,1,1
2289,1,0,1,1,1,1
2290,0,0,0,0,0,0
2291,0,0,0,0,0,0
2292,1,1,1,1,1,1
2293,1,0,0,1,1,1
2294,0,0,0,0,0,0
2295,1,0,1,1,1,1
2296,1,1,1,1,1,1
2298,1,1,1,1,1,1
2299,1,0,1,1,1,1
2300,1,0,1,1,1,1
2301,0,0,0,1,1,0
2302,0,1,1,0,1,1
2303,0,1,0,0,1,0
2304,1,1,1,1,1,1
2306,0,1,1,0,1,0
2307,0,0,1,0,1,1
2308,1,1,1,1,1,1
2309,1,1,1,1,1,1
2310,0,1,0,1,0,0
2312,0,0,0,0,1,0
2314,0,1,0,1,0,0
2315,0,1,1,0,1,0
2317,0,0,0,0,0,0
2318,1,0,0,1,1,1
2319,1,1,1,1,1,1
2320,0,0,0,1,1,1
2322,1,1,1,0,1,1
2323,1,1,1,1,0,1
2324,0,0,0,0,0,1
2325,1,1,1,1,0,1
2326,0,0,0,0,1,0
2327,0,0,1,1,1,1
2329,0,0,0,1,0,1
2330,1,0,1,1,1,1
2331,0,0,1,1,1,0
2332,1,1,1,1,1,1
2333,1,0,1,0,1,1
2334,0,0,1,1,0,0
2335,0,0,0,1,0,0
2336,0,1,1,0,0,0
2337,0,0,1,0,1,1
2338,1,1,1,1,1,1
2339,0,0,0,0,1,0
2340,0,0,0,1,1,1
2341,1,1,1,1,1,1
2342,0,0,0,1,1,1
2344,0,0,0,1,1,0
2345,1,1,1,1,1,1
2347,0,0,1,1,1,0
2348,0,0,1,0,1,0
2349,1,0,1,1,1,1
2350,0,1,1,1,0,0
2351,1,1,1,1,1,1
2352,1,0,1,1,1,1
2353,0,0,1,1,1,1
2354,1,1,1,1,1,1
2355,0,0,0,0,0,0
2356,0,0,0,0,0,0
2357,0,1,1,1,1,0
2358,1,0,1,1,1,1
2359,1,0,1,1,0,1
2360,0,0,0,0,0,1
2361,1,1,1,1,1,1
2362,0,1,1,1,1,1
2363,1,1,1,0,0,1
2364,1,1,1,1,1,1
2365,0,0,0,0,1,0
2366,1,0,1,1,1,1
2367,0,1,1,1,1,0
2369,1,1,0,1,0,0
2370,0,0,0,1,1,0
2371,0,0,0,1,0,0
2372,1,0,0,1,1,0
2374,1,1,1,1,1,1
2375,1,0,0,0,1,0
2376,1,1,1,0,1,0
2377,0,0,1,1,0,1
2378,0,1,1,1,1,1
2379,0,0,0,1,1,0
2380,1,1,1,1,0,0
2381,0,0,0,1,0,1
2382,0,0,0,1,0,0
2383,1,0,0,0,1,1
2384,1,0,1,1,0,1
2385,0,1,0,1,0,0
2386,1,0,0,0,0,0
2387,0,0,1,1,0,0
2388,0,0,1,1,1,0
2389,0,0,0,1,0,0
2391,0,0,1,0,1,1
2392,0,0,0,1,1,1
2393,1,0,1,1,1,1
2394,1,1,1,1,1,1
2395,1,0,1,1,1,1
2396,0,0,0,0,0,1
2397,1,0,1,1,1,1
2398,1,1,1,1,1,1
2399,1,1,1,0,0,0
2400,1,1,1,1,1,0
2401,1,1,1,0,1,0
2403,0,1,0,0,1,0
2404,0,1,1,1,1,0
2405,0,1,0,0,0,0
2406,1,1,1,1,1,1
2407,0,0,0,1,1,0
2408,1,1,1,0,0,0
2409,1,0,1,1,1,1
2410,0,0,1,1,1,1
2412,1,0,1,1,1,1
2413,1,1,1,1,1,1
2415,1,1,1,1,1,0
2416,0,0,0,0,0,0
2417,0,0,0,1,0,0
2419,0,0,0,0,0,0
2420,0,0,0,0,1,0
2421,0,0,1,1,1,1
2422,1,1,1,0,0,0
2425,1,1,1,1,1,1
2426,1,1,1,1,1,1
2427,1,1,1,1,1,1
2428,1,0,1,1,1,1
2431,0,0,0,1,0,0
2432,1,1,1,1,1,1
2433,1,0,1,1,1,1
2434,1,0,1,1,1,0
2436,0,1,0,0,0,0
2437,0,0,0,1,1,1
2438,0,0,0,1,1,1
2439,0,1,1,0,1,0
2440,0,1,1,1,1,1
2441,1,0,1,1,1,1
2442,0,0,0,1,0,1
2444,0,1,1,1,0,1
2445,0,0,0,1,1,0
2446,1,1,1,1,1,1
2447,1,1,1,1,1,1
2448,1,1,1,0,0,1
2449,0,1,1,0,0,1
2450,0,0,0,1,1,1
2451,0,0,0,0,0,0
2452,1,1,1,1,1,1
2453,1,1,1,1,1,1
2454,0,1,0,1,1,1
2455,1,0,1,1,1,1
2456,0,0,0,0,0,0
2457,0,1,0,1,0,1
2458,1,0,0,1,1,0
2459,1,0,1,1,1,1
2460,0,0,0,1,1,1
2461,1,1,1,1,1,1
2462,0,1,1,1,0,0
2463,1,1,1,0,0,1
2464,0,0,1,0,0,0
2465,1,0,1,0,1,1
2466,1,1,1,1,1,1
2467,1,0,1,1,0,0
2468,1,1,0,0,1,1
2469,1,1,1,1,1,0
2471,1,0,1,1,1,1
2472,1,1,1,1,1,1
2473,0,0,0,0,0,0
2474,1,0,1,1,1,1
2475,0,0,1,0,1,1
2476,0,0,0,1,0,0
2477,1,1,1,0,0,0
2478,1,0,1,1,1,1
2479,1,0,1,1,1,1
2480,1,1,1,1,1,1
2481,1,1,1,1,1,1
2482,1,0,0,1,0,1
2483,0,0,1,1,0,1
2484,1,0,1,0,0,0
2486,1,1,1,1,1,0
2487,1,1,1,1,1,1
2488,1,1,1,0,0,0
2489,0,0,0,1,1,0
2490,0,1,1,1,0,1
2491,0,1,1,0,1,0
2493,1,1,0,0,1,0
2495,0,1,1,0,1,0
2496,0,1,0,1,1,0
2497,0,0,0,0,0,0
2498,1,1,0,0,0,0
2500,1,1,1,1,1,1
2501,0,0,0,0,1,1
2504,0,0,1,0,0,1
2505,0,0,0,0,0,0
2506,1,0,1,0,0,0
2507,0,0,0,0,0,0
2508,0,0,1,1,0,0
2510,1,1,1,1,0,0
2511,0,0,0,0,0,1
2512,1,1,1,1,1,1
2513,0,0,1,1,1,1
2515,1,0,1,1,1,1
2516,1,1,1,1,0,0
2518,1,1,1,1,1,1
2519,0,0,0,1,0,0
2520,0,1,0,1,0,1
2521,1,0,1,1,1,1
2522,0,0,0,0,1,0
2523,0,1,1,1,1,1
2526,0,0,1,1,1,0
2527,1,1,1,1,0,0
2528,0,1,0,0,0,0
2530,0,0,1,1,1,1
2531,1,0,1,1,0,0
2532,1,0,1,1,1,1
2533,1,1,1,1,1,1
2535,1,1,1,1,0,1
2537,0,1,0,1,0,1
2538,0,0,1,1,1,0
2539,1,1,1,1,1,1
2540,0,1,0,0,0,0
2541,0,0,0,1,0,0
2542,0,0,0,1,1,0
2543,0,0,0,0,0,0
2545,0,1,1,1,1,1
2546,0,0,0,1,1,0
2547,0,0,1,0,0,1
2548,1,1,1,1,1,1
2550,1,1,1,1,1,1
2551,1,1,1,0,0,1
2552,0,1,0,1,0,0
2553,1,0,0,1,1,0
2554,1,0,1,1,1,1
2555,1,1,1,1,1,1
2556,1,1,1,0,1,1
2558,0,0,1,1,1,1
2559,1,1,1,0,0,1
2560,0,1,1,1,1,1
2561,0,1,1,1,0,0
2562,0,0,0,1,0,0
2563,0,0,0,0,0,0
2564,0,0,0,0,1,0
2565,0,0,0,1,1,0
2566,0,0,0,1,0,0
2567,0,0,0,0,0,0
2569,1,0,1,1,1,1
2570,0,1,0,1,0,0
2571,0,1,1,0,0,0
2572,1,1,1,1,1,1
2573,1,0,1,1,1,0
2575,1,0,1,1,0,1
2576,1,1,1,1,1,1
2577,1,1,1,1,1,1
2578,1,1,1,1,1,1
2579,1,0,1,1,1,1
2580,1,1,1,1,1,1
2581,1,1,0,1,0,1
2582,1,1,1,0,1,1
2583,1,1,1,1,1,1
2584,1,1,1,1,1,1
2585,0,1,1,0,0,0
2586,0,0,1,0,1,1
2587,1,1,1,0,1,0
2588,1,1,1,1,1,0
2589,0,0,0,1,0,0
2590,0,0,1,1,1,1
2591,0,1,0,0,0,0
2593,0,0,1,0,1,1
2594,1,0,1,1,0,1
2595,1,0,0,1,1,1
2596,0,0,1,1,0,1
2597,1,1,1,1,1,1
2598,1,1,1,1,1,1
2599,1,1,1,1,1,1
2600,1,1,1,1,1,1
2601,0,0,1,1,1,0
2602,1,1,1,1,0,0
2603,0,0,0,0,1,0
2604,1,1,1,1,1,1
2605,1,1,1,0,1,1
2606,1,1,1,1,0,1
2607,0,0,0,1,0,0
2608,0,1,0,1,1,0
2609,0,1,0,1,0,0
2610,1,0,1,0,1,1
2611,0,0,0,1,0,0
2612,1,0,1,1,1,1
2614,0,0,0,0,0,0
2615,1,1,1,1,1,1
2616,1,1,1,1,1,1
2617,1,0,1,1,0,0
2618,1,1,1,1,0,1
2619,0,0,1,1,0,0
2620,0,0,0,0,1,0
2623,1,1,0,1,0,0
2624,1,1,1,1,1,1
2625,0,0,0,1,1,1
2626,0,1,1,0,1,1
2627,1,0,1,0,0,1
2628,1,1,1,1,1,1
2629,1,1,1,1,1,1
2630,0,1,0,0,0,0
2631,0,1,1,0,1,1
2632,1,1,1,1,1,1
2633,1,0,1,1,1,1
2634,1,1,1,1,1,1
2635,0,0,1,1,1,1
2637,0,0,1,1,1,1
2638,1,1,1,1,1,1
2639,0,0,1,1,1,0
2641,1,1,1,1,1,1
2642,0,1,0,1,1,1
2643,1,1,1,1,1,1
2644,0,0,0,1,0,1
2645,1,1,1,1,1,1
2646,0,0,1,1,0,1
2647,1,0,1,0,0,0
2648,0,0,1,1,0,0
2649,1,1,1,1,1,1
2650,0,0,0,1,1,1
2651,0,0,0,1,1,1
2652,0,0,0,1,0,0
2653,1,0,1,1,1,1
2654,1,1,1,1,1,1
2655,1,0,1,1,1,1
2656,0,0,1,1,1,1
2657,1,1,1,1,1,1
2658,1,1,1,1,1,1
2659,0,1,0,0,0,0
2660,0,1,0,0,0,0
2661,0,0,1,0,1,0
2662,1,0,0,0,1,0
2663,1,0,1,1,1,1
2664,0,1,1,1,1,1
2665,0,0,1,1,0,0
2667,0,1,1,1,0,0
2668,0,0,0,1,1,1
2669,1,0,1,1,0,1
2670,0,1,1,1,0,0
2671,1,0,1,1,1,1
2673,0,0,0,0,1,1
2674,0,1,1,1,1,1
2675,1,1,1,1,1,0
2676,0,0,1,0,0,0
2677,1,1,0,1,1,0
2679,1,0,1,1,1,1
2680,1,0,1,1,1,1
2681,0,0,0,1,1,0
2682,1,1,1,0,0,0
2683,1,1,1,1,1,1
2684,0,1,1,0,0,0
2685,1,1,1,1,1,1
2686,1,1,1,1,1,1
2687,1,1,1,1,1,0
2689,1,1,1,1,1,1
2690,1,1,1,0,0,1
2691,1,1,1,1,0,0
2693,0,1,1,1,0,0
2694,1,1,1,1,1,1
2695,1,1,1,1,1,1
2696,0,0,0,0,1,1
2697,1,1,1,0,1,1
2698,1,0,0,1,1,0
2699,1,1,1,1,0,1
2700,0,1,1,1,1,1
2701,1,1,1,1,1,1
2702,0,0,0,0,0,0
2703,1,1,0,0,0,0
2704,1,0,1,0,1,1
2705,0,1,1,1,1,1
2706,1,1,1,0,1,1
2707,1,0,1,1,0,0
2708,1,1,1,1,1,1
2709,1,0,1,0,1,1
2710,0,0,1,1,0,1
2711,0,1,0,1,1,1
2712,0,0,1,0,0,0
2713,0,0,1,0,1,1
2714,1,0,1,0,1,1
2717,0,0,0,0,1,1
2718,0,1,1,1,1,1
2719,1,1,1,0,1,1
2720,1,1,1,1,1,1
2721,1,1,1,1,1,1
2722,0,1,1,1,1,0
2724,0,0,1,1,0,0
2725,0,1,1,0,0,0
2726,0,0,0,0,1,0
2727,0,1,1,0,1,0
2728,1,1,1,1,1,1
2730,0,0,0,0,0,0
2731,1,1,1,1,1,1
2732,1,1,1,1,1,1
2733,0,1,1,1,1,0
2734,0,1,0,1,1,1
2736,1,1,0,0,1,1
2737,0,0,0,1,0,0
2739,0,1,0,0,0,0
2740,0,1,1,1,1,1
2741,1,1,1,1,0,1
2742,0,0,1,0,1,1
2743,0,1,1,0,1,1
2744,0,0,1,1,1,1
2745,0,0,0,1,0,1
2746,1,1,1,1,0,1
2747,1,0,1,1,0,0
2748,1,0,0,1,1,0
2749,1,0,1,1,0,0
2750,0,0,0,1,1,1
2751,0,0,1,1,0,0
2752,1,1,1,1,1,1
2754,1,0,0,1,1,1
2755,1,0,1,1,0,0
2756,0,0,0,1,1,0
2757,1,1,1,1,0,0
2758,0,1,1,1,0,0
2759,0,0,1,1,0,0
2760,0,1,1,0,1,1
2761,0,1,0,1,1,1
2762,1,0,1,1,1,1
2763,0,0,0,0,0,0
2764,0,1,0,0,0,0
2765,1,1,1,1,1,1
2766,1,0,0,0,0,1
2767,0,1,1,0,0,0
2768,1,1,1,1,1,1
2769,0,0,0,1,0,0
2770,1,0,1,0,1,0
2771,1,1,1,1,1,1
2772,0,0,0,0,1,1
2773,1,1,1,1,1,1
2774,1,0,1,1,1,1
2775,1,0,1,1,1,1
2777,0,1,1,1,0,0
2778,0,1,0,0,0,0
2779,1,1,1,1,0,1
2781,1,0,1,1,1,1
2782,1,1,1,1,1,1
2783,1,1,1,1,0,1
2784,0,0,1,1,0,1
2785,1,0,1,1,1,1
2786,1,0,1,1,0,1
2787,0,0,0,1,0,0
2789,1,1,0,0,0,0
2790,1,1,1,1,1,1
2791,1,1,1,1,1,1
2792,1,0,1,1,1,1
2793,0,0,0,1,0,0
2794,0,0,0,1,1,1
2795,1,1,1,1,1,1
2796,1,1,1,1,1,1
2797,0,0,0,0,0,0
2799,0,0,0,0,0,0
2800,1,1,1,1,1,1
2801,1,0,0,1,1,1
2802,0,1,1,1,1,1
2803,0,1,0,0,0,0
2804,0,0,0,1,0,0
2805,0,1,0,0,0,0
2807,1,1,1,1,1,1
2808,1,1,1,1,1,1
2809,0,0,0,0,0,0
2810,1,1,1,1,0,1
2811,0,0,0,0,0,1
2812,1,1,1,1,1,1
2813,0,0,1,0,0,0
2814,0,0,0,1,0,0
2815,0,1,0,0,0,0
2816,1,1,1,0,1,0
2817,0,0,1,0,1,0
2819,1,1,1,1,1,1
2820,1,1,1,1,0,0
2821,0,1,0,1,1,0
2822,0,0,1,1,0,0
2823,1,1,1,1,1,1
2825,0,0,1,1,1,1
2827,1,1,1,1,1,1
2828,1,1,1,1,1,1
2830,0,0,1,1,1,1
2831,0,1,1,1,0,0
2832,0,0,0,1,1,1
2833,0,0,1,0,1,0
2834,0,0,0,0,1,0
2835,0,0,1,0,0,1
2836,1,1,1,1,1,1
2837,0,0,1,1,0,1
2838,0,0,0,0,0,0
