edgeID,from,to,networkCanvasEgoUUID,networkCanvasUUID,networkCanvasSourceUUID,networkCanvasTargetUUID
1,1,4,3b1067a1-be83-44e0-b993-a80a4347a559,5e636391-f3af-42e0-aeeb-30e5f652d66e,8a8e7361-4b44-4e35-a930-c5c96403dff1,d0e5a7d2-acb0-4fe1-b67e-e2c1e355a046
2,7,5,3b1067a1-be83-44e0-b993-a80a4347a559,6ad6c034-638c-4bf7-a248-086751712557,a529271f-26ca-40bc-8ff5-df8de47cd201,5f59c475-8433-493b-bbd4-3780e2c2873a
3,1,3,3b1067a1-be83-44e0-b993-a80a4347a559,19b0c147-8266-4ddb-9c8e-2d4827da25a2,8a8e7361-4b44-4e35-a930-c5c96403dff1,4d48d85e-7076-4592-a868-a7ec374e08f2
4,9,11,3b1067a1-be83-44e0-b993-a80a4347a559,574721f7-f1e6-40bb-9b9d-3f99b9e6bb2f,ac440207835bd2f8e84e0ff8c8a3f4bba8045e4b,1381894ca7e19cd61cbdc0f98fcfc45bad986a7b
